{
  "device": 0.20999999344348907,
  "location": 97.68000030517578,
  "time": 0.019999999552965164,
  "velocity": 2.0799999237060547,
  "behavior": 0.009999999776482582
}